Id,Name,Password,Email,Address,City,Contact no.
1,Hussein1,test12345,hussein@app.com,123 main st,alex,01008803724
2,Hussein2,test12345,hussein@app.com,123 main st,alex,01008803724
3,Hussein3,test12345,hussein@app.com,123 main st,alex,01008803724
4,Hussein4,test12345,hussein@app.com,123 main st,alex,01008803724
5,Hussein5,test12345,hussein@app.com,123 main st,alex,01008803724
6,Hussein6,test12345,hussein@app.com,123 main st,alex,01008803724
7,kjlljkjkl,kjljkklj,kljkklj@fgj.com,kjljkkjl,klkjkl,89797
8,jlkj,lkjklkj,kjlklj@fkkg.coml,lkjjklk,jklkklj,904359584095
9,jlkj,jklkj,gfk@fkg.com,flgfjlg,gljkf,94508909
10,ljkjlk,kljlk,kljkl@gjkflgjf.com,dklgf9043,fkoprtrixcv,498543577489
11,kljklj,lkjoiuoiuouoi,iouoiuoi@kddklmdl.com,ekljrieo8495,difjl,34895495
12,lkjklj,kljkl,jkljlk@hlfkg.com,kljlkj,kljkljj,545455454
13,kljklj,kjjklj,kljlk@rgoiu.vom,fgjklfjg,jrlkgj,4589748954